Restaurant,Location,Dishes,Highlights,Latitude,Longitude
Dasheene at Ladera Resort,Soufrière,"Farm-to-table Creole cuisine","Views of Pitons and Caribbean Sea",13.8532,-61.0486
The Cliff at Cap Maison,Cap Estate,"French-West Indian seafood","Cliffside dining with ocean views",14.0903,-60.9532
Orlando's Restaurant,Soufrière,"Local ingredients, chef-led experience","Personalized Caribbean dining",13.8570,-61.0595
The Coal Pot,Castries,"French-Caribbean seafood","Waterfront setting on Vigie Marina",14.0167,-60.9944
Jacques Waterfront Dining,Rodney Bay,"Seafood and vegetarian fusion","Elegant marina views",14.0734,-60.9451
Pink Plantation House,Morne Fortune,"Grilled fish, saltfish salad","Historic house with garden views",13.9945,-60.9965
Rabot Restaurant,Soufrière,"Cacao-infused cuisine","Tree-to-bar experience on cacao plantation",13.8560,-61.0590
The Naked Fisherman,Smugglers Cove,"Beachfront seafood grill","Secluded cove with direct beach access",14.0910,-60.9510
Big Chef Steakhouse,Rodney Bay,"Dry-aged steaks and seafood","Fine dining for special occasions",14.0730,-60.9455
Martha's Tables,Soufrière,"Home-cooked Creole meals","Family-run, affordable local food",13.8572,-61.0592
Roots 2,Marigot Bay,"Catch of the day, Caribbean cuisine","Great view of Marigot Bay",13.9850,-60.8860
Chateau Mygo,Marigot Bay,"Creole and East Indian fusion","Waterside sushi bar and family-owned",13.9848,-60.8865
Spinnakers Beach Bar,Reduit Beach,"Grilled fish, jerk chicken","Casual beachfront dining",14.0735,-60.9448
Boucan by Hotel Chocolat,Soufrière,"Cacao cuisine and cocktails","Open-air dining with panoramic views",13.8565,-61.0585
